{
  "experiment_name": "preprocessing_comparison",
  "dataset": "abalone",
  "train_size": 0.7,
  "test_size": 0.3,
  "random_state": 42,
  "results": {
    "linear_encoded_only": {
      "mse": 4.7847886426090955,
      "rmse": 2.1874159738397028,
      "rse": 0.4711961781751464,
      "mae": 1.5832377389437249,
      "r2": 0.5288038218248536
    },
    "linear_standard_scaled": {
      "mse": 4.78478864260911,
      "rmse": 2.187415973839706,
      "rse": 0.4711961781751478,
      "mae": 1.5832377389437267,
      "r2": 0.5288038218248522
    },
    "rf_robust_scaled": {
      "mse": 4.775548057416268,
      "rmse": 2.185302738161527,
      "rse": 0.47028618428572183,
      "mae": 1.5474290271132376,
      "r2": 0.5297138157142782
    }
  }
}
