bước,tên_tốt_nhất,MAE_test,RMSE_test,R2_test
scaling,minmax,1.5590950222105646,2.175329190018127,0.5389879864982308
kbest,10,1.5450803650384637,2.145675545394127,0.5514711623514637
rfe,9,1.5455462966429687,2.145583308826781,0.5515097235134464
model_based,ridge,1.545080365038463,2.145675545394127,0.5514711623514637
ensemble,voting_ensemble,1.4678284952704013,2.055330260590496,0.5884472570823385
